metric,value
MSE,200.75647306943694
RMSE,14.168855743123258
MAE,9.098420256256166
MAPE,inf
SMAPE,134.99784083404447
