metric,value
MSE,252.47518735735852
RMSE,15.88946781227611
MAE,8.134862627561802
MAPE,inf
SMAPE,140.85125101446602
