Metric,Value
RMSE,14.667991623566557
MAE,9.211637224906532
MAPE,566.4935069452548
