Metric,Value
RMSE,16.94152775202024
MAE,10.605269601834127
MAPE,596.292487980098
