Metric,Value
MSE,288.7808368967458
RMSE,16.993552803835513
MAE,10.949422315744801
MAPE,inf
SMAPE,147.76162559143415
    